expert_mib,instructions,flows,batches,build_p50_ms,build_p99_ms,greedy_p50_ms,greedy_p99_ms,scheduler_p50_ms,scheduler_p99_ms,scheduler_share_pct,off_p50_ms,off_p99_ms,on_p50_ms,on_p99_ms,off_execute_p50_ms,on_execute_p50_ms,slowdown_p50_pct,slowdown_p99_pct
0.00390625,102,12,6,1.1851505,1.40410336,0.018903,0.029982090000000003,1.2049910000000001,1.4271933799999998,8.572639827914177,14.056242000000001,15.23927805,30.1439755,31.27532476,3.953126,18.2449715,110.77338748981902,139.33146652742133
0.015625,102,12,6,1.1783115,1.31331065,0.0189725,0.030523190000000002,1.197483,1.33403317,8.192742844042103,14.616387,16.40669741,29.412696,30.12405398,4.3463270000000005,17.6959825,97.16285170973441,126.48998030756553
0.0625,102,12,6,1.1898944999999999,1.40990281,0.019074,0.029170119999999997,1.2094605,1.4339756799999999,5.904828005099653,20.4825695,21.4607526,33.610660499999994,37.721176899999996,7.9573845,22.598183499999998,72.31641727459717,82.30273419307636
0.25,102,12,6,1.21511,1.38002351,0.019078,0.028685269999999992,1.2344154999999999,1.40039109,3.2380871812023315,38.121750000000006,41.406179699999996,52.6944725,59.29545812,22.796577499999998,37.670944500000004,42.64804708351433,50.65719985842738
1.0,102,12,6,1.2012035,1.3042192700000002,0.018971000000000002,0.02939228,1.220459,1.3259944599999998,1.1465021962078925,106.4506465,108.69733817,137.9360195,149.63724389,86.3857835,121.2329165,31.32549240002599,41.944105427025704
4.0,102,12,6,1.1735769999999999,1.31679474,0.018817,0.03003303,1.19289,1.33759251,0.297396948005362,401.11037050000004,415.36703596,509.85597,513.5857644,385.0238045,494.29866100000004,26.414710023575665,28.50036349521689
9.0,102,12,6,1.182977,1.30135236,0.0189925,0.03003946,1.2022305000000002,1.32857699,0.13813820531244161,870.309917,897.21809964,1056.2512324999998,1118.8821353399999,842.2079570000001,1039.1321355,23.458489994302692,26.348426341072294
16.0,102,12,6,1.1971829999999999,1.5600980999999998,0.0192375,0.030744459999999998,1.216897,1.58205723,0.0795492179387707,1529.7409975,1588.8067909899999,1867.5767835000001,1982.54790146,1494.25491,1854.5468895,20.269353108898365,29.429596059984576
64.0,102,12,6,1.171146,1.39884759,0.019166,0.030889859999999998,1.191322,1.41960401,0.020179772073117837,5903.5453705,6173.216891190001,7038.50345,7447.47924789,5887.057396,7016.2332335,17.04234306793951,26.48113068930173
