timestamp_ns,rx_bytes,tx_bytes
1789037685345304115,9009130063974,9283362728714
1789037686359467526,9009130068432,9283362731162
1789037687373366909,9009130071954,9283362732528
1789037688387097891,9009130137921,9283362734664
1789037689400612220,9009130173234,9283362737267
1789037690414337809,9009130176779,9283362738700
1789037691428091158,9009130180384,9283362740133
1789037692441764092,9009130184842,9283362742581
1789037693453142412,9009130250807,9283362744651
1789037694461088171,9009130285706,9283362746510
1789037695474601470,9009130290263,9283362749183
1789037696488433147,9009130294785,9283362751026
1789037697502232915,9009130298588,9283362752858
1789037698516058617,9009130367462,9283362757490
1789037699529908959,9009172060430,9283404053912
1789037700543495789,9009234065221,9283465918563
1789037701556890735,9009301420504,9283533028675
1789037702570378193,9009363574841,9283594946762
1789037703584050805,9009460166818,9283925728378
1789037704597697655,9009727586494,9283978943398
1789037705611296112,9009780745139,9284032066061
1789037706625049845,9009833510230,9284084813386
1789037707638568166,9009886475379,9284137546090
1789037708652186636,9009965631251,9284217425039
1789037709666124948,9010018389116,9284270150342
1789037710679774476,9010071118011,9284322862868
1789037711693238764,9010124259390,9284375612384
1789037712706913469,9010177247363,9284428373629
1789037713720719276,9010234594904,9284481144249
1789037714734387841,9010309669824,9284560213732
1789037715748097224,9010362673143,9284612943772
1789037716761685006,9010437191400,9284689936960
1789037717775138058,9010494577131,9284745328615
1789037718788513178,9010547608070,9284798051450
1789037719802526950,9010600357456,9284850776792
1789037720816488645,9010657475621,9284909027571
1789037721830369581,9010732211155,9284982580253
1789037722843935367,9010783250763,9285035312320
1789037723857380184,9010837712817,9285088035548
1789037724871066464,9010890489300,9285141594508
1789037725884813317,9010946299335,9285454354494
1789037726898812488,9011249692372,9285510779093
1789037727912312303,9011305628506,9285566570121
1789037728926087381,9011342870600,9285603751886
1789037729939421684,9011398828626,9285659576122
1789037730952914009,9011454592995,9285715385664
1789037731966302295,9011510521813,9285771153901
1789037732979648211,9011547993680,9285808331726
1789037733993179735,9011604060628,9285864241688
1789037735006700800,9011659933309,9285920074989
1789037736020277519,9011715696324,9285975833754
1789037737033935307,9011771599758,9286031598008
1789037738047358135,9011810349930,9286071875198
1789037739060905851,9011864725309,9286124544993
1789037740074339781,9011920521026,9286180416732
1789037741088055736,9011969599529,9286233801760
1789037742101723225,9012013473166,9286273625205
1789037743115427189,9012072192282,9286407574783
1789037744128986225,9012325793990,9286649171815
1789037745142482267,9012445398908,9286785098180
1789037746156159378,9012642652361,9286971775269
1789037747169471196,9012787570632,9287017982761
1789037748182904500,9012827389714,9287279539954
1789037749196897760,9013121847996,9287342263445
1789037750210363027,9013161631906,9287589604440
1789037751223981494,9013425999027,9287636797332
1789037752237544994,9013515954917,9287891688949
1789037753250942286,9013809859990,9287931528143
1789037754264719170,9013901119699,9288255763474
1789037755278363079,9014174836202,9288296888874
1789037756292573689,9014263215340,9288600951084
1789037757306398452,9014509891724,9288641505077
1789037758320262749,9014556512930,9288806449253
1789037759334261315,9014902058635,9288994092799
1789037760347931903,9014941791306,9289191064074
1789037761361616786,9015187213244,9289299045155
1789037762375149864,9015294847705,9289417878653
1789037763388487376,9015541563519,9289683050339
1789037764402048302,9015580942593,9289722709539
1789037765415587886,9015875188781,9289895435393
1789037766429277801,9015915602191,9290076913236
1789037767443443976,9016076518653,9290431494409
1789037768457307541,9016328461466,9290478720573
1789037769470979203,9016604742930,9290685487957
1789037770484866841,9016698849125,9290872490783
1789037771498435190,9016920061189,9291150831027
1789037772511899764,9017048146378,9291198158131
1789037773525326011,9017245619449,9291495848208
1789037774539118319,9017314208943,9291661983405
1789037775552802874,9017618307564,9291858628388
1789037776566431040,9017766399185,9291968687614
1789037777580021236,9017943864224,9292184210466
1789037778593653994,9018113208341,9292245843126
1789037779607294291,9018279856037,9292520571466
1789037780620910150,9018328222089,9292574988142
1789037781635197613,9018625907821,9292803143477
1789037782649146209,9018674194878,9293012299636
1789037783663168653,9018904593366,9293214175864
1789037784676679181,9019076138520,9293262603988
1789037785690492440,9019238906800,9293558361710
1789037786704369677,9019369004938,9293715996770
1789037787718322842,9019545172825,9293854970847
1789037788731889980,9019684516679,9294057654837
1789037789745609008,9019852084950,9294211047372
1789037790759141086,9019998790358,9294466915355
1789037791772903152,9020188271934,9294567182148
1789037792786362588,9020311542232,9294881470964
1789037793799773903,9020524001807,9294922558638
1789037794813507940,9020792583120,9295158820877
1789037795826953950,9020881713852,9295276217486
1789037796840712744,9021079075616,9295584764206
1789037797854259797,9021259759110,9295632541922
1789037798867949923,9021502553114,9295921177129
1789037799881911734,9021584787730,9296077775496
1789037800895390541,9021836385933,9296274390055
1789037801909019767,9022028792197,9296315672994
1789037802922586102,9022152438707,9296610258305
1789037803935894397,9022301843618,9296784391831
1789037804949449985,9022508675381,9296966796459
1789037805963428149,9022716262046,9297172789563
1789037806977014200,9022855355433,9297332856083
1789037807991460436,9023080780934,9297542816318
1789037809005518594,9023161031339,9297648877733
1789037810019184796,9023407746496,9297900934271
1789037811032789517,9023545909424,9298043123690
1789037812046748714,9023783596785,9298084526327
1789037813061383087,9023882684033,9298389783267
1789037814075310988,9023979079527,9298638593701
1789037815089324800,9024249655208,9298776578694
1789037816103037223,9024495281257,9298967178669
1789037817116722647,9024586467070,9299132745214
1789037818130944465,9024793318526,9299397511591
1789037819145237946,9024900800075,9299479034931
1789037820159724040,9025209897366,9299718320438
1789037821173495402,9025258506856,9299918771031
1789037822187309944,9025554651397,9300153691322
1789037823200927069,9025663057648,9300309922330
1789037824215205454,9025911047573,9300476841288
1789037825229178045,9026149830634,9300530771648
1789037826243476353,9026277769229,9300863631134
1789037827257304803,9026389141117,9301106405476
1789037828270798471,9026646502660,9301241789119
1789037829284254585,9026952245914,9301382187299
1789037830297833556,9026994977317,9301600042445
1789037831311386922,9027186760583,9301945369286
1789037832325117580,9027419728141,9301993119263
1789037833338471204,9027657212607,9302232676219
1789037834352197231,9027706070184,9302460468784
1789037835366509628,9027974856606,9302649064575
1789037836380122764,9028125592523,9302806882440
1789037837393826931,9028283651970,9302987439828
1789037838407328641,9028549297132,9303087955220
1789037839420908937,9028639718682,9303363480015
1789037840434848066,9028687795987,9303484703350
1789037841449655810,9028966916158,9303680385680
1789037842463708370,9029015623263,9303863403501
1789037843478053426,9029271857209,9304015028416
1789037844491984769,9029312419775,9304244394478
1789037845505773615,9029588445257,9304331502458
1789037846519414039,9029798975238,9304471951966
1789037847533328442,9029876231382,9304678591896
1789037848546829509,9029973231009,9305002758131
1789037849560419336,9030201940977,9305043713005
1789037850574039861,9030365754466,9305320272009
1789037851588166797,9030529991131,9305370136557
1789037852601992876,9030807593362,9305599950834
1789037853615682037,9030875381554,9305803088897
1789037854629374189,9031135656110,9306065416393
1789037855642889478,9031232808387,9306205152848
1789037856656437030,9031548233274,9306429327758
1789037857670168310,9031748103842,9306471221798
1789037858683487836,9031835628824,9306736657963
1789037859697053557,9031965696679,9306952528050
1789037860710662478,9032152890946,9307043876293
1789037861724195216,9032317439319,9307290283255
1789037862737496252,9032529827849,9307401345919
1789037863751267099,9032775845475,9307637578585
1789037864764886003,9032831272108,9307754497715
1789037865778647446,9033102427193,9307983834703
1789037866793215059,9033209539057,9308070170381
1789037867806855273,9033429814039,9308330471889
1789037868821163180,9033593859195,9308379289545
1789037869834809022,9033735194222,9308655707701
1789037870848338084,9033845813481,9308787728309
1789037871862103075,9034062547714,9308982861810
1789037872875652355,9034212124893,9309193025819
1789037873889263408,9034418008183,9309348249793
1789037874902796883,9034654381873,9309493398204
1789037875916816786,9034794960688,9309715232918
1789037876930540181,9034843217568,9309879498512
1789037877944166738,9035149540005,9310089556473
1789037878958044356,9035299325101,9310194834752
1789037879971887085,9035515719368,9310475521306
1789037880985349828,9035671124293,9310625315462
1789037881999075712,9035822750199,9310772641132
1789037883012492459,9035999332618,9310961758790
1789037884026199531,9036199962955,9311130063028
1789037885039610527,9036565610647,9311252201351
1789037886053158448,9036615060993,9311545044782
1789037887067447927,9036754459432,9311664007132
1789037888081482004,9036952269823,9311911952493
1789037889095094110,9037054571612,9312151186355
1789037890108554646,9037300250248,9312250368624
1789037891122040748,9037582305835,9312407026098
1789037892135412368,9037667420631,9312637148915
1789037893148862873,9037875719124,9312913367592
1789037894162311235,9037961767176,9312968302778
1789037895176066757,9038223802552,9313250631056
1789037896189704944,9038288850209,9313374340145
1789037897204531576,9038558648752,9313597346365
1789037898218284534,9038745155270,9313645663024
1789037899232097714,9038901794522,9313920698607
1789037900245615489,9038994694243,9314110627621
1789037901259232309,9039269385334,9314307781929
1789037902272799168,9039418825316,9314507793796
1789037903286396409,9039615381363,9314673531293
1789037904300149504,9039772044698,9314929109962
1789037905313938700,9039952335946,9315039966207
1789037906327617182,9040159089937,9315314544562
1789037907341336584,9040278824460,9315376254184
1789037908354841732,9040475485131,9315672235734
1789037909368502002,9040663409359,9315720168063
1789037910382211296,9040872330235,9315952659978
1789037911395669073,9041037536135,9316048405864
1789037912409218543,9041227758520,9316365000458
1789037913422786723,9041457404375,9316418911178
1789037914437102669,9041555598933,9316771505682
1789037915451081892,9041781591387,9316892129127
1789037916464853989,9041892906505,9317158191774
1789037917478496784,9042079627190,9317374897354
1789037918492059115,9042240423909,9317525489258
1789037919505819938,9042483578047,9317731993266
1789037920519312126,9042581425763,9317859724680
1789037921532804666,9042843900141,9318059664838
1789037922546460290,9042898814869,9318276711527
1789037923560047014,9043191809148,9318516202671
1789037924573701322,9043303355481,9318643610283
1789037925587410101,9043576499647,9318900950179
1789037926601057311,9043706525199,9319080459586
1789037927614460987,9043893813600,9319208327841
1789037928627940918,9044076754832,9319405655091
1789037929641473197,9044221836472,9319516602932
1789037930654933149,9044387509667,9319731774864
1789037931668755695,9044496867893,9319801489391
1789037932682359308,9044513037675,9319817646615
1789037933696152040,9044532435810,9319837028349
1789037934709817115,9044551836542,9319856413290
1789037935723478632,9044658737305,9319901550716
1789037936737118541,9044827422983,9320172742671
1789037937750787766,9044938940097,9320283307358
1789037938764164069,9044990877994,9320335228101
1789037939778141580,9045042929138,9320387147199
1789037940791490078,9045094873149,9320441231200
1789037941805105763,9045149179041,9320490995310
1789037942818524055,9045198959790,9320542909798
1789037943832163325,9045250885770,9320595241508
1789037944845913623,9045305039017,9320646761022
1789037945859671569,9045356974430,9320698681417
1789037946873330710,9045409153050,9320750617661
1789037947886843463,9045458932604,9320802537582
1789037948900464573,9045510871099,9320854458611
1789037949914157352,9045562928319,9320906396623
1789037950927580909,9045614862777,9320958316860
1789037951941319830,9045667003907,9321010237588
1789037952954782734,9045718931615,9321062154554
1789037953968544012,9045770866555,9321114077725
1789037954982253082,9045823135538,9321166012452
1789037955996296166,9045875177444,9321217942140
1789037957009961036,9045927204338,9321269874780
1789037958023672378,9045979129280,9321321796800
1789037959037335402,9046031279206,9321373730944
1789037960052497740,9046231449940,9321436565610
1789037961066498562,9046438940233,9321771383721
1789037962080304623,9046477020247,9321809358662
1789037963093957170,9046519746997,9321847344525
1789037964107487126,9046572259557,9321904299111
1789037965121210971,9046611919137,9321942278661
1789037966134796744,9046667665775,9321999236096
1789037967148128101,9046705743466,9322037210284
1789037968161657701,9046762967915,9322094169221
1789037969175345870,9046800959958,9322132147982
1789037970189279986,9046838946040,9322171703940
1789037971202734819,9046896005133,9322227088665
1789037972216326000,9046938021102,9322273180137
1789037973229998292,9046991079376,9322322029377
1789037974243676982,9047030648099,9322363168417
1789037975257398330,9047086036831,9322416965853
1789037976270943665,9047143011724,9322473927844
1789037977284605279,9047181089760,9322511903624
1789037978298355026,9047238066250,9322568862972
1789037979311884817,9047276103062,9322606837220
1789037980325736649,9047466787384,9322869798735
1789037981339215421,9047597422460,9322928388737
1789037982352658879,9047793653281,9323239163695
1789037983366386948,9047990005459,9323291693898
1789037984380255176,9048249237065,9323558453931
1789037985393753071,9048416326023,9323698028542
1789037986407373339,9048605524303,9323998378882
1789037987421002265,9048703281474,9324155799292
1789037988434623123,9048939935967,9324360220659
1789037989448159477,9049079773358,9324513139742
1789037990462988288,9049296951054,9324726886166
1789037991477338305,9049497845020,9324895143922
1789037992491132297,9049655014931,9325065384741
1789037993504868288,9049707829305,9325163406347
1789037994518511548,9049961583809,9325391544057
1789037995532652384,9050171460883,9325433631619
1789037996546275676,9050289862930,9325739507118
1789037997559873499,9050420715787,9325967366243
1789037998573572796,9050669021022,9326138364434
1789037999587175313,9050936114316,9326305961610
1789038000600901024,9050985798832,9326477355825
1789038001614976115,9051206908116,9326805735146
1789038002628526652,9051426898166,9326874360581
1789038003642197097,9051643967125,9327191733149
1789038004656101631,9051805249237,9327319219282
1789038005669782766,9051994563289,9327572006188
1789038006683500195,9052094548351,9327622183161
1789038007697067724,9052306049307,9327919704885
1789038008710652784,9052356405888,9328140738767
1789038009724302592,9052653077935,9328279995589
1789038010738060564,9052853028214,9328410454823
1789038011751788783,9053024129711,9328641233723
1789038012766568751,9053297489740,9328830464604
1789038013780499131,9053371577978,9329046140939
1789038014794137113,9053652802009,9329302758533
1789038015807718992,9053801711978,9329433469621
1789038016821449586,9054060457145,9329727342574
1789038017835754477,9054111832152,9329779091131
1789038018849634787,9054382773295,9329990156186
1789038019863707741,9054434186638,9330246117388
1789038020878412804,9054712892574,9330439703400
1789038021892480508,9054914400242,9330542171213
1789038022906158664,9055025300643,9330751709823
1789038023919746846,9055194540712,9331054898531
1789038024933745673,9055423827052,9331169941467
1789038025948183870,9055545033358,9331336506280
1789038026962482771,9055745681299,9331501742560
1789038027976151265,9055860014606,9331829348842
1789038028990377758,9056094198946,9331891280506
1789038030004006809,9056353739449,9332190948811
1789038031017756330,9056520846387,9332301076450
1789038032031214173,9056734240764,9332569491742
1789038033044852634,9056777909063,9332857492434
1789038034058373560,9057105519712,9332980411225
1789038035071979721,9057165086290,9333080746405
1789038036085904896,9057396040252,9333300789764
1789038037099500135,9057538354766,9333482477649
1789038038113227726,9057719163129,9333623628670
1789038039126869449,9057989192074,9333855584104
1789038040140311882,9058108757693,9334023266632
1789038041153868285,9058235769127,9334224572501
1789038042167518949,9058460074241,9334364935193
1789038043182292282,9058600350053,9334708955334
1789038044196182081,9058858793580,9334763784639
1789038045209789049,9059029391478,9334915888084
1789038046223377648,9059200925353,9335125645125
1789038047237230782,9059479445425,9335282986524
1789038048250630134,9059555197995,9335505052136
1789038049264863323,9059822881097,9335805186212
1789038050278258666,9060057496078,9335869457964
1789038051292132291,9060183678614,9336197936411
1789038052306044177,9060363667719,9336390416002
1789038053319663664,9060485981757,9336569645532
1789038054333268930,9060695697258,9336639579449
1789038055348504179,9060835963970,9336959044510
1789038056362508770,9061005784460,9337196174912
1789038057376217713,9061198394861,9337331503151
1789038058390130401,9061428274723,9337635683092
1789038059403923331,9061558419515,9337711238222
1789038060417714694,9061828185734,9337841934627
1789038061431484863,9061921204593,9338064187355
1789038062445050520,9062179543624,9338313307664
1789038063458770011,9062251809858,9338558865688
1789038064472451398,9062541534987,9338744237759
1789038065486233953,9062831477430,9338818835426
1789038066499832513,9062877234280,9339099503677
1789038067513561329,9063156309670,9339316793707
1789038068527631420,9063226843153,9339529034871
1789038069541293890,9063536857838,9339788994018
1789038070554931486,9063588982702,9339847333911
1789038071568493677,9063901697732,9340095333679
1789038072582192339,9064046152872,9340275229095
1789038073595707491,9064284054526,9340525940389
1789038074609210847,9064336278923,9340627599709
1789038075622805268,9064616181841,9340851565226
1789038076636430310,9064660507914,9340912342478
1789038077650064416,9064849425518,9341231006671
1789038078664613642,9065020871836,9341282640733
1789038079678823380,9065142068311,9341572047870
1789038080692386597,9065374614129,9341637455921
1789038081705966008,9065545991582,9341901644112
1789038082719539746,9065677000249,9341968543406
1789038083733267520,9065905838378,9342143368633
1789038084746784215,9066007885494,9342365201087
1789038085760541505,9066231656398,9342612597542
1789038086774324734,9066361892754,9342702562397
1789038087788125123,9066493811466,9343000881813
1789038088801713913,9066673443702,9343117650283
1789038089815572181,9066955703640,9343402314168
1789038090829736914,9067056355417,9343446268208
1789038091843390215,9067218468887,9343784267692
1789038092856977085,9067435974048,9343835879483
1789038093871704771,9067686181999,9343947427607
1789038094885181930,9067730952888,9344180019417
1789038095899704812,9068001466824,9344474876775
1789038096913265853,9068102811768,9344581584366
1789038097926891045,9068354418225,9344712125169
1789038098940688481,9068442973186,9344927499101
1789038099954607415,9068608581986,9345282916082
1789038100968427432,9068806652580,9345334549228
1789038101982121680,9069055581524,9345504656275
1789038102996464252,9069186829390,9345704771066
1789038104010326194,9069360213772,9345868207406
1789038105024576620,9069531090993,9346118367684
1789038106038693808,9069581981054,9346280851087
1789038107052391565,9069901103073,9346508475284
1789038108066147176,9070096721643,9346635806224
1789038109079837515,9070245306104,9346842385853
1789038110093428554,9070554612234,9347039873829
1789038111107112544,9070606704819,9347213882983
1789038112121028751,9070769901888,9347414032973
1789038113134749796,9070931227854,9347538819775
1789038114148362578,9071176180878,9347857990962
1789038115161991564,9071283157320,9348015544564
1789038116175587775,9071612998640,9348239965361
1789038117189126483,9071702252356,9348290912735
1789038118202800981,9071966217117,9348529376440
1789038119216323733,9072018614678,9348645462701
1789038120230569392,9072175217041,9348985618872
1789038121244089416,9072377779297,9349126865341
1789038122257681520,9072660812541,9349317432838
1789038123271380914,9072922942460,9349397388723
1789038124285130622,9073064740040,9349731630501
1789038125298678932,9073117045860,9349925970168
1789038126312079618,9073396030489,9350062626737
1789038127325655944,9073654474993,9350120952883
1789038128339260113,9073699312217,9350415433544
1789038129355170342,9073929093581,9350704901661
1789038130368947249,9074173952187,9350795468697
1789038131381500134,9074398357259,9351093467943
1789038132394979269,9074442672292,9351139535231
1789038133408718153,9074791402717,9351351198883
1789038134422386002,9074843915700,9351530674306
1789038135435964033,9075103712770,9351632295835
1789038136449489713,9075156337381,9351893100928
1789038137462978837,9075436941235,9352154447523
1789038138476530785,9075617650170,9352205653819
1789038139489973485,9075749225217,9352475942556
1789038140503557915,9075911110947,9352725321509
1789038141517153424,9076101267398,9352857343294
1789038142530881815,9076235396325,9353034077406
1789038143544455177,9076456613568,9353212833141
1789038144558042728,9076508332364,9353387155603
1789038145571739965,9076798819401,9353564874751
1789038146585382230,9076951237360,9353796457779
1789038147599069340,9077152567602,9353938503349
1789038148612707820,9077305566304,9354090998003
1789038149626476891,9077526278568,9354341908170
1789038150640071125,9077677457280,9354410708977
1789038151653511249,9077916932844,9354704183182
1789038152667281677,9077949672492,9354745581649
1789038153681206560,9077969073493,9354764970983
1789038154694960421,9077990200857,9354785975977
1789038155709032480,9078011217408,9354806974726
1789038156722446561,9078263889501,9354996615602
1789038157735850833,9078405442343,9355221398580
1789038158749592580,9078457560089,9355273310525
1789038159763340248,9078509584815,9355325233077
1789038160777242013,9078561514589,9355377158416
1789038161791387043,9078613447659,9355429080926
1789038162805035368,9078665671961,9355481008532
1789038163818999198,9078717600151,9355532931128
1789038164833156010,9078769628304,9355584863936
1789038165847107392,9078821566257,9355636793518
1789038166860937625,9078873496640,9355688721330
1789038167875025430,9078925429619,9355740646515
1789038168888734841,9078954011322,9355770938818
1789038169902472587,9079010396163,9355818551222
1789038170916026809,9079078523430,9355896410065
1789038171929772168,9079133757978,9355948325645
1789038172943316312,9079185684675,9356000248573
1789038173957338939,9079237639924,9356052169603
1789038174971385105,9079289665509,9356104087855
1789038175985567141,9079367562129,9356181967891
1789038176999125170,9079419498300,9356233875664
1789038178012741461,9079471438867,9356285801542
1789038179026220106,9079523364910,9356337724735
1789038180040109409,9079675269556,9356420460795
1789038181053579092,9079891411988,9356735237070
1789038182067181759,9079929402415,9356773208254
1789038183080772411,9079970556842,9356815925062
1789038184094368877,9080024364194,9356868144960
1789038185108105485,9080062438543,9356906120748
1789038186121668110,9080119474147,9356963081140
1789038187135262857,9080160725757,9357005087272
1789038188148913933,9080214543568,9357058028518
1789038189162514161,9080254315642,9357096011136
1789038190176180920,9080292442810,9357137143078
1789038191189659979,9080347828359,9357190935333
1789038192202988406,9080404800410,9357247888039
1789038193216709475,9080442785473,9357285865169
1789038194230308373,9080499763388,9357342817491
1789038195243896295,9080539432314,9357386535848
1789038196257483023,9080596410484,9357437759870
1789038197271091744,9080651805894,9357494710838
1789038198284625022,9080708779951,9357551668909
1789038199298332238,9080753555457,9357720754977
1789038200312086179,9081050114871,9357903178330
1789038201325922091,9081270101909,9357945173140
1789038202339479370,9081410095138,9358263141105
1789038203353155691,9081569649372,9358520776777
1789038204366855958,9081731985800,9358614375560
1789038205380393239,9082050925494,9358839832266
1789038206394086020,9082101932291,9359111251903
1789038207407764752,9082411241614,9359313685097
1789038208421221526,9082597313547,9359466904778
1789038209434633991,9082765099406,9359696847874
1789038210448295593,9082886816377,9359815596925
1789038211461867300,9083098024818,9360079148079
1789038212475568854,9083201812291,9360131835542
1789038213489362911,9083461697335,9360423114747
1789038214503052990,9083577577540,9360607542096
1789038215516781406,9083778643035,9360750060267
1789038216530394096,9083941777812,9360861122501
1789038217543983173,9084144308940,9361115572798
1789038218557607971,9084287849651,9361208944283
1789038219572650812,9084511446389,9361482231741
1789038220586412464,9084642011836,9361713460710
1789038221600008890,9084867267974,9361857719645
1789038222613435614,9084922171276,9362182174075
1789038223627005640,9085224941872,9362244850830
1789038224641267981,9085410446725,9362361707237
1789038225655294610,9085565713798,9362615145694
1789038226668837581,9085803645301,9362671017927
1789038227682256170,9085866059839,9362964788517
1789038228695867571,9085938690119,9363179291011
1789038229709303749,9086245596192,9363344338503
1789038230722916890,9086300725666,9363557106226
1789038231736485560,9086584226134,9363682906842
1789038232750113812,9086640229133,9363923248156
1789038233764557119,9086954718872,9364083106017
1789038234778674574,9087149049149,9364194238340
1789038235793022406,9087364253181,9364492860909
1789038236807115111,9087528009495,9364629150382
1789038237820700410,9087716319921,9364805108480
1789038238834415203,9087989348480,9364862002766
1789038239847977760,9088116901152,9365186028300
1789038240861668638,9088187628102,9365440512060
1789038241875270311,9088485905618,9365575048589
1789038242889050372,9088711508521,9365703827343
1789038243902637685,9088818541219,9365887630725
1789038244916326791,9088984163968,9366071887149
1789038245929860968,9089170864413,9366239906563
1789038246943412931,9089255550358,9366553831347
1789038247956990170,9089522154195,9366611111379
1789038248970609675,9089663648341,9366906631627
1789038249984184030,9089924133683,9367053034277
1789038250998133137,9090139135674,9367228894009
1789038252011904093,9090276620486,9367405681301
1789038253025652129,9090511159130,9367644844157
1789038254039061693,9090617983843,9367766727514
1789038255052811583,9090851789073,9368021849843
1789038256066372160,9090979908323,9368168320646
1789038257079882877,9091195698416,9368443799113
1789038258093626203,9091382934143,9368590867807
1789038259107210677,9091618080279,9368895677030
1789038260120640812,9091715275015,9368952928633
1789038261134285315,9091928078678,9369257320336
1789038262147844228,9092064694560,9369326018701
1789038263161379444,9092299791853,9369616603112
1789038264174971726,9092414738456,9369676985281
1789038265189218726,9092678897453,9369956491508
1789038266203329547,9092735679024,9370022349963
1789038267216970972,9092941602452,9370317752380
1789038268230524035,9093097844070,9370374632787
1789038269244284151,9093392002585,9370637990530
1789038270258038676,9093503877235,9370756774213
1789038271271614936,9093715629493,9371053027981
1789038272285199583,9093772704048,9371194772524
1789038273298794004,9094067722386,9371434100287
1789038274312280584,9094213901991,9371507301631
1789038275325870924,9094440326366,9371846056089
1789038276339606887,9094497784310,9372026853799
1789038277353210214,9094802595952,9372237796110
1789038278366707717,9094958500321,9372340086502
1789038279380479493,9095184581058,9372630164987
1789038280394017580,9095331124145,9372776690066
1789038281407573074,9095537743669,9372993152919
1789038282421301033,9095792944051,9373050772021
1789038283434735822,9095900296195,9373385054656
1789038284448407708,9096065854199,9373560493809
1789038285462378328,9096279070997,9373813578699
1789038286476668796,9096336570339,9374081577126
1789038287491514968,9096672261502,9374206478388
1789038288505392616,9096809349243,9374453191096
1789038289519892099,9097025255726,9374559579945
1789038290534240186,9097259742557,9374737295059
1789038291547921169,9097347718710,9374891914334
1789038292562175874,9097572859018,9375123683164
1789038293575824470,9097709494406,9375283783523
1789038294589494975,9097926070955,9375488715279
1789038295603094718,9098061504488,9375645128551
1789038296616832071,9098287082088,9375905871671
1789038297630398032,9098422614572,9376026306727
1789038298644001118,9098578235373,9376310356066
1789038299657616490,9098744243289,9376367460262
1789038300671195149,9098985284486,9376632734172
1789038301684542112,9099136550844,9376769597740
1789038302698205155,9099391501359,9377015345995
1789038303711829823,9099527463823,9377180556011
1789038304725607806,9099805695763,9377404198961
1789038305739085701,9099877456892,9377530708413
1789038306752749353,9100112889765,9377785806434
1789038307766561876,9100218178829,9377930379363
1789038308780041537,9100498254445,9378205030726
1789038309793398518,9100595653425,9378321072634
1789038310806952723,9100822688330,9378634968044
1789038311820474906,9100960663015,9378691984876
1789038312834698744,9101230074083,9379017016668
1789038313848431428,9101341960621,9379121501551
1789038314862181221,9101676375686,9379365054769
1789038315875954250,9101742409623,9379475491448
1789038316889548968,9101974702613,9379829875960
1789038317903205523,9102124813510,9379962663582
1789038318916886761,9102449051506,9380190124440
1789038319930469751,9102584936554,9380279927048
1789038320944028893,9102800372116,9380611583644
1789038321957396019,9102927285812,9380682032996
1789038322971178014,9103134075271,9380974885153
1789038323984783734,9103226663570,9381081670729
1789038324998643663,9103466642524,9381317250696
1789038326012886021,9103592954488,9381427353821
1789038327026938221,9103818265455,9381688944397
1789038328040724104,9103933769337,9381833734161
1789038329054372313,9104169146126,9382039913123
1789038330068003712,9104383904744,9382096191173
1789038331081819459,9104520180051,9382400366651
1789038332095467958,9104686705781,9382551697294
1789038333109314356,9104892717376,9382792973656
1789038334122950025,9105086582055,9382939497779
1789038335136650336,9105252669505,9383143049161
1789038336150369681,9105309576311,9383415544794
1789038337164164556,9105603720440,9383513722808
1789038338177749054,9105858492859,9383649487160
1789038339191573889,9105985757653,9383915938407
1789038340205034929,9106219288233,9384091145748
1789038341218489854,9106358776613,9384308464091
1789038342232166540,9106607901888,9384455027446
1789038343245935523,9106740601902,9384651060704
1789038344259624709,9106868253930,9384986776651
1789038345273577697,9107114060532,9385064017842
1789038346287183733,9107429062615,9385238804804
1789038347300739149,9107575549416,9385476855246
1789038348314206420,9107822510540,9385772647269
1789038349328011903,9107977612770,9385938810091
1789038350341534005,9108241554601,9386181491751
1789038351355069408,9108259429608,9386199263185
1789038352368697432,9108280447837,9386220260919
1789038353382215024,9108301466279,9386241262748
1789038354395783074,9108364469602,9386491149971
1789038355409471190,9108672905393,9386623014205
1789038356423068358,9108724953852,9386674938516
1789038357437021680,9108779051099,9386731181769
1789038358450589083,9108828816272,9386778776572
1789038359464292453,9108897181131,9386849031408
1789038360477914595,9108937008455,9386889099982
1789038361491891094,9108990320472,9386934555156
1789038362505634792,9109036818684,9386986471518
1789038363519290720,9109114721635,9387064364828
1789038364532906169,9109166645540,9387116288344
1789038365546605606,9109218582043,9387168220150
1789038366560805135,9109296666005,9387246113789
1789038367574461358,9109348595575,9387298036670
1789038368588134841,9109426491594,9387375912519
1789038369601715319,9109478599897,9387427837988
1789038370615288495,9109530529078,9387479759818
1789038371628912045,9109582848500,9387533849688
1789038372642550357,9109634805950,9387585775588
1789038373656346367,9109688909523,9387639863667
1789038374670016104,9109764954324,9387713429650
1789038375683970231,9109816894227,9387765357703
1789038376697706035,9109968630383,9387828051004
1789038377711434548,9110150600531,9388109385379
1789038378725218303,9110202833620,9388161134334
1789038379738806676,9110260464134,9388218107786
1789038380752306301,9110298446726,9388256079620
1789038381766052652,9110339693602,9388298805521
1789038382779443735,9110393496497,9388351024885
1789038383793144650,9110433067357,9388392159148
1789038384806756374,9110488479912,9388445959849
1789038385820285673,9110545547788,9388502921198
1789038386834076896,9110602791697,9388559887518
1789038387847793510,9110659815414,9388616853072
1789038388861593731,9110716791374,9388673812543
1789038389875214344,9110754778045,9388711784740
1789038390888831722,9110811759164,9388768741281
1789038391902551363,9110853042703,9388811467386
1789038392916390633,9110907108192,9388863692629
1789038393930138050,9110964192619,9388920651915
1789038394943808154,9111003804607,9388961790296
1789038395957450940,9111190472903,9389221389604
1789038396970924095,9111380543151,9389271203387
1789038397984919410,9111613058541,9389569751298
1789038398998626301,9111720465595,9389626773636
1789038400012146987,9111959696788,9389915966562
1789038401026108280,9112170831161,9389963446003
1789038402040002141,9112333313949,9390309283186
1789038403053596485,9112473645301,9390483815805
1789038404067120208,9112680392819,9390686419997
1789038405080335897,9112898758935,9390881911267
1789038406094085114,9113049505143,9391094851024
1789038407107484597,9113128149720,9391410213761
1789038408121162356,9113425650994,9391460842401
1789038409135535100,9113469215330,9391723466475
1789038410149482535,9113765967117,9391831138805
1789038411163505774,9113855027659,9391880448843
1789038412177274338,9114023653075,9392199510261
1789038413190974033,9114134133620,9392385561923
1789038414204654425,9114442018848,9392586347338
1789038415218069241,9114485870561,9392629781009
1789038416231692072,9114743226579,9392797342803
1789038417245282232,9114792547829,9392966464226
1789038418258753353,9115092030241,9393235838201
1789038419272164107,9115134636662,9393278462247
1789038420285680618,9115311914228,9393595006868
1789038421299419198,9115495193148,9393645107824
1789038422313261211,9115700987266,9393925678793
1789038423326751739,9115918034449,9393976152873
1789038424340342763,9116090276830,9394283653503
1789038425353967222,9116216604770,9394494913619
1789038426367593569,9116420617941,9394653897620
1789038427381831061,9116471055275,9394800802070
1789038428396286422,9116779359378,9395012207924
1789038429410128522,9116922965095,9395173945421
1789038430423961247,9117138412378,9395381310481
1789038431437594760,9117220735924,9395431364543
1789038432451089208,9117439745126,9395722068308
1789038433464902641,9117558737396,9395795244310
1789038434478539122,9117786397360,9396068890781
1789038435492018085,9118017389599,9396179705529
1789038436505640501,9118146367317,9396458836199
1789038437519133891,9118196298460,9396583797017
1789038438532694982,9118462516260,9396849267428
1789038439546337651,9118567259751,9396899079351
1789038440559923353,9118834698982,9397110872405
1789038441573552514,9118905126505,9397217273683
1789038442587026023,9118948808744,9397491832584
1789038443603566507,9119216884057,9397578464596
1789038444617630823,9119318052741,9397925549595
1789038445631228691,9119585516117,9397979373595
1789038446644748497,9119809422773,9398247702566
1789038447658315543,9119906719051,9398420302681
1789038448671949123,9120214081149,9398625065466
1789038449686252269,9120336239324,9398819384703
1789038450700327294,9120574462805,9398995425650
1789038451713956260,9120792603258,9399124794889
1789038452727452800,9120915616406,9399336450363
1789038453740903499,9121074750812,9399453047762
1789038454754529525,9121233895277,9399674433364
1789038455767755748,9121393853895,9399917832884
1789038456781286029,9121566239264,9400036846837
1789038457794733141,9121868220703,9400265423932
1789038458808181631,9122036620971,9400405352588
1789038459821887856,9122233149184,9400713346866
1789038460835952381,9122333868673,9400894394595
1789038461849619078,9122583038601,9401083190094
1789038462863286135,9122722869606,9401340720335
1789038463876926023,9122924575802,9401434897175
1789038464892076185,9123183040946,9401663055152
1789038465907191087,9123293540464,9401803788718
1789038466921687566,9123428521205,9402022722124
1789038467935294104,9123566685348,9402086622447
1789038468948882074,9123740179261,9402414348129
1789038469962829442,9123983989730,9402464708949
1789038470976442326,9124175900107,9402735770597
1789038471990032199,9124352284094,9402855880981
1789038473003775056,9124564300641,9403124333380
1789038474017361518,9124614862979,9403215134097
1789038475032424462,9124882809229,9403506196850
1789038476046656956,9125036470377,9403632735948
1789038477060148728,9125275992808,9403875395273
1789038478073907581,9125327065614,9403966204872
1789038479087373425,9125579400472,9404152570603
1789038480100998338,9125631333059,9404280026221
1789038481114616405,9125772474650,9404608560591
1789038482128473960,9125992898362,9404740295536
1789038483142020943,9126321808194,9404982229978
1789038484155522703,9126366195021,9405064175166
1789038485169342049,9126618032816,9405293953399
1789038486183004842,9126773937435,9405404193073
1789038487196562104,9127015072082,9405671965864
1789038488210187465,9127059224434,9405786766274
1789038489223677131,9127336039334,9405976969200
1789038490237252103,9127438678867,9406146501920
1789038491251235056,9127663697846,9406316331321
1789038492264167453,9127820795737,9406568109960
1789038493278285093,9127872626107,9406781359915
1789038494292197808,9128160771849,9406947452056
1789038495305997976,9128399739155,9407095140210
1789038496319654757,9128502995484,9407299600715
1789038497333513722,9128621100543,9407439800155
1789038498347192175,9128872188753,9407678599809
1789038499361674312,9128923087096,9407741900002
1789038500375123421,9129183954141,9407931739858
1789038501388913374,9129297752989,9408130324155
1789038502402603340,9129474245604,9408320547040
1789038503416311680,9129624354728,9408468627802
1789038504430074252,9129766961340,9408642550987
1789038505443550828,9130065334956,9408807697682
1789038506457419358,9130179113883,9409002318937
1789038507470835560,9130387225557,9409292609843
1789038508484388736,9130616484724,9409351610765
1789038509498044061,9130716452844,9409661589895
1789038510511516213,9130856343074,9409891498906
1789038511525098627,9131029507634,9409984356540
1789038512538608341,9131329067888,9410222589326
1789038513552081958,9131497899276,9410355396045
1789038514565657035,9131689282867,9410673734813
1789038515580493193,9131824425172,9410786369968
1789038516594577401,9131961197868,9410955521731
1789038517608185483,9132010763205,9411064569934
1789038518621905623,9132250360432,9411254611070
1789038519635501447,9132391915087,9411427515594
1789038520649147938,9132563628795,9411597602068
1789038521662673648,9132752828030,9411861507037
1789038522676259080,9132928030478,9411985683799
1789038523689815046,9133213585609,9412248752724
1789038524703537285,9133264438465,9412482354441
1789038525717046970,9133532720490,9412625728800
1789038526730583041,9133643987975,9412820650665
1789038527744352322,9133875296943,9412968389548
1789038528757995415,9134084540222,9413255283149
1789038529771496666,9134263420025,9413366357529
1789038530785175160,9134376789928,9413548260985
1789038531798934161,9134565948754,9413708475803
1789038532812715935,9134794818358,9413951084177
1789038533826381893,9134931782876,9414066426141
1789038534839970727,9135196152648,9414310419649
1789038535853589286,9135248040030,9414439959293
1789038536867316249,9135503844243,9414609812175
1789038537880931098,9135610176045,9414760313761
1789038538894937742,9135809191504,9415062185109
1789038539908915069,9135901539410,9415262993309
1789038540923384637,9136199127975,9415450396823
1789038541937660730,9136270395807,9415500655776
1789038542951863938,9136506372027,9415811796952
1789038543965508778,9136628462273,9415951748547
1789038544979003398,9136909001684,9416170287394
1789038545992520020,9137096175649,9416322689319
1789038547006212320,9137270701262,9416541468953
1789038548019072167,9137320858241,9416679245489
1789038549032686476,9137608464725,9416908839558
1789038550047885490,9137701405680,9417122981954
1789038551062798692,9137950184767,9417260872505
1789038552076751082,9138168964847,9417471665539
1789038553090499893,9138297033092,9417658880882
1789038554103901578,9138527747925,9417989247203
1789038555117556790,9138662049703,9418042029452
1789038556131064982,9138929869022,9418220151928
1789038557144798864,9139003431910,9418432630024
1789038558158362084,9139271948779,9418670162806
1789038559172380210,9139362399527,9418782357972
1789038560186275438,9139610688023,9418911838146
1789038561199851024,9139723639001,9419153572552
1789038562213375189,9139854334415,9419294653347
1789038563226807503,9140072964161,9419522667887
1789038564240379078,9140121801784,9419571585455
1789038565254086555,9140436126135,9419704051284
1789038566267590832,9140486781080,9419982373201
1789038567281243752,9140677139411,9420248334669
1789038568294883238,9140848735271,9420299168665
1789038569308499643,9141127899801,9420464755039
1789038570322219021,9141208686012,9420687140125
1789038571334988108,9141396774394,9420978311832
1789038572348711125,9141507844945,9420997908752
1789038573362665330,9141527271726,9421017365494
1789038574376287048,9141548407252,9421038364857
1789038575390107096,9141590137762,9421201673735
1789038576403758219,9141890084867,9421390280880
1789038577417728687,9141944169069,9421446522361
1789038578431212608,9142019890855,9421520423271
1789038579444800984,9142072062536,9421572347005
1789038580458442839,9142118701972,9421624030983
1789038581471947067,9142152117213,9421654864390
1789038582485630987,9142201877221,9421702478348
1789038583499284488,9142260293171,9421754407146
1789038584512861136,9142305846255,9421806659175
1789038585526515656,9142357776713,9421858614538
1789038586540047425,9142411876096,9421914854784
1789038587553572158,9142468134989,9421962461117
1789038588567299533,9142539555677,9422040752867
1789038589580931012,9142591573121,9422092887675
1789038590594578376,9142643497742,9422144803438
1789038591608128841,9142695416629,9422196734067
1789038592622003249,9142747339186,9422248663219
1789038593635963292,9142799269784,9422300731180
1789038594649678384,9142851281717,9422352657676
1789038595663212708,9142903211749,9422404607608
1789038596676776790,9142955146873,9422456650269
1789038597690451218,9143007076802,9422508570188
1789038598703988769,9143059020345,9422560493846
1789038599717682973,9143194399254,9422852638298
1789038600731209630,9143439757591,9422960947063
1789038601744814969,9143477972005,9422999256110
1789038602758695566,9143534932771,9423056216318
1789038603772350235,9143572910283,9423094512783
1789038604786008907,9143610983309,9423134102638
1789038605799594108,9143667937789,9423189481466
1789038606813288162,9143705923877,9423228155366
1789038607826917435,9143753400373,9423278982359
1789038608840426282,9143802467495,9423323153661
1789038609854139602,9143857943308,9423380107658
1789038610867793508,9143914903481,9423437071626
1789038611881369101,9143952875740,9423475048615
1789038612894913805,9143990853700,9423514608279
1789038613908529159,9144047807765,9423569989628
1789038614922199787,9144087471085,9423611599202
1789038615935856797,9144142845860,9423665393120
1789038616950421542,9144180865143,9423703825292
1789038617964272914,9144228794282,9423756490803
1789038618977918931,9144375693017,9423802756600
1789038619991349752,9144554640412,9424130946312
1789038621004934419,9144694015885,9424248659137
1789038622018345079,9144960418510,9424533134804
1789038623032316821,9145100196185,9424641995555
1789038624046308027,9145295391244,9424868179899
1789038625059907977,9145406495527,9425015366109
1789038626073958411,9145603694547,9425196340098
1789038627087574161,9145754924474,9425412988129
1789038628101224485,9145851238658,9425473493567
1789038629116151552,9146008847833,9425756095798
1789038630130527822,9146158912794,9425800723377
1789038631144744557,9146390021240,9426087774212
1789038632158395249,9146454713584,9426194326888
1789038633172016717,9146725186477,9426406661772
1789038634185591430,9146782768751,9426604404790
1789038635199062059,9147102784310,9426823467366
1789038636212962182,9147147523515,9426872149858
1789038637226426358,9147404164244,9427144834906
1789038638240138386,9147454063361,9427299067507
1789038639253712958,9147762164593,9427522321570
1789038640267678374,9147944626226,9427624710319
1789038641281427480,9148122307213,9427882306224
1789038642294884364,9148172073167,9427988440777
1789038643308291653,9148437262701,9428262815930
1789038644321940939,9148714661416,9428313943502
1789038645335638512,9148842994958,9428632480291
1789038646349244829,9148930839705,9428961024805
1789038647362909707,9149204762622,9429004922664
1789038648376375999,9149312854931,9429164535212
1789038649390135045,9149555009456,9429394665041
1789038650403770520,9149636076392,9429445670064
1789038651417478090,9149868372615,9429707600805
1789038652431283213,9149920494901,9429908147053
1789038653444870915,9150239644398,9430098731280
1789038654458569105,9150291159348,9430229824653
1789038655472292438,9150600907778,9430442636660
1789038656485797452,9150645286316,9430533945187
1789038657499415978,9150904715815,9430627638037
1789038658513172905,9150958065975,9430846978686
1789038659526902404,9151247709927,9430991237798
1789038660540481134,9151300627667,9431232835058
1789038661554157572,9151533913766,9431474869073
1789038662567656516,9151628115499,9431526947125
1789038663581249867,9151947583837,9431694653489
1789038664594992473,9152000670718,9431919767428
1789038665608689154,9152311824092,9432053716468
1789038666623803711,9152364771672,9432303468231
1789038667637686442,9152418101315,9432613654816
1789038668651282189,9152700318906,9432659152545
1789038669665134610,9152950875373,9432880463800
1789038670678609206,9153014432175,9432983457465
1789038671692069611,9153256296863,9433205295611
1789038672705679674,9153388020381,9433376559056
1789038673719410206,9153540387319,9433596176953
1789038674733018196,9153715282342,9433725681593
1789038675746641966,9153964696523,9434044012773
1789038676761433434,9154148930789,9434185254168
1789038677775069187,9154369975608,9434418558657
1789038678788624347,9154423214993,9434541937048
1789038679802456981,9154732649282,9434791402940
1789038680816153381,9154785840887,9434847149086
1789038681831067646,9155102972705,9435087973846
1789038682845013819,9155163054855,9435211554642
1789038683858688674,9155472662853,9435365308903
1789038684872770757,9155527297448,9435615423771
1789038685886451971,9155758308968,9435815122443
1789038686900002924,9155891010114,9436009095397
1789038687913582172,9155945336300,9436302694410
1789038688927283985,9156215556370,9436374967135
1789038689940820168,9156411765412,9436697814034
1789038690953557078,9156563902962,9436751059854
1789038691967204258,9156814993682,9437009746610
1789038692981472848,9156937938480,9437165162790
1789038693996619147,9157130857851,9437418763021
1789038695010553313,9157312987737,9437560021894
1789038696024152515,9157515393618,9437713005537
1789038697037801502,9157650887701,9437917527915
1789038698051232968,9157913252097,9438223966518
1789038699064837853,9158037268190,9438313934616
1789038700078484635,9158319551665,9438499726728
1789038701092290502,9158392006295,9438778827789
1789038702106059806,9158705031369,9438992200250
1789038703119693890,9158759028956,9439115016452
1789038704133376076,9159041525450,9439358383704
1789038705146934916,9159094536531,9439451020334
1789038706160827711,9159337828224,9439664267823
1789038707174993328,9159494375497,9439808342696
1789038708188821087,9159637422017,9439984245690
1789038709202319221,9159791950290,9440148470136
1789038710215975724,9160004872459,9440351751963
1789038711229759187,9160227862690,9440406327175
1789038712243592222,9160351643792,9440717927975
1789038713257189477,9160690541835,9440871091304
1789038714271545946,9160747290743,9441143674297
1789038715287292492,9161029811788,9441281190677
1789038716301920838,9161084257714,9441558367434
1789038717316132766,9161376522433,9441773032737
1789038718330407311,9161430795604,9441854719276
1789038719344222872,9161762666491,9442052973270
1789038720358567119,9161809693564,9442206558945
1789038721372718276,9162041524217,9442477507796
1789038722386413109,9162128007078,9442669700789
1789038723399979088,9162377481993,9442813932858
1789038724413740760,9162501568665,9442929036216
1789038725427315047,9162744113130,9443229760509
1789038726441023348,9162888802181,9443284103799
1789038727454591429,9163090009553,9443597588985
1789038728468250189,9163254724145,9443729259804
1789038729481666142,9163526534351,9444028967121
1789038730495610657,9163581860860,9444116523559
1789038731509662662,9163899939632,9444361661997
1789038732523354598,9163959050084,9444504227838
1789038733536824356,9164131267271,9444824567627
1789038734550391892,9164323136676,9444878323625
1789038735564151229,9164504420333,9445121119895
1789038736577672698,9164700560930,9445285475738
1789038737591235006,9164863339218,9445547160386
1789038738604834074,9165067459199,9445640815192
1789038739618625706,9165327447580,9445894582451
1789038740632184358,9165374501598,9445989729581
1789038741645883867,9165566566093,9446311300198
1789038742659536439,9165730829186,9446366009103
1789038743673215871,9165936188470,9446676915666
1789038744686918567,9166086972276,9446731779825
1789038745700423719,9166230824721,9446993932664
1789038746714129268,9166442744458,9447128714948
1789038747727631130,9166697030539,9447351801580
1789038748741289740,9166752440169,9447486339268
1789038749754777711,9167024643734,9447709322302
1789038750768358639,9167126822138,9447764192311
1789038751782490785,9167352326239,9448043765251
1789038752796246064,9167412329117,9448131130215
1789038753809795975,9167646853877,9448336971946
1789038754823342229,9167727123994,9448480804663
1789038755837137188,9167979836643,9448654423332
1789038756850751206,9168035574536,9448789152357
1789038757864219559,9168251683325,9449002296733
1789038758877955540,9168352677254,9449126225360
1789038759891458988,9168569873490,9449349031565
1789038760905198341,9168669722597,9449443025292
1789038761918703811,9168945272234,9449596895497
1789038762932212440,9169036605665,9449869194608
1789038763945797887,9169200453668,9450112751336
1789038764959400170,9169432798962,9450275192357
1789038765972978338,9169610819848,9450459510428
1789038766986533839,9169751657450,9450633514954
1789038768000100942,9169867695089,9450813239258
1789038769013860705,9170060582721,9450982321029
1789038770027573307,9170206678253,9451137080716
1789038771041326289,9170399166565,9451330503823
1789038772055600896,9170509782690,9451484716340
1789038773069139139,9170816413389,9451728309609
1789038774082776887,9170930707965,9451867725474
1789038775096549915,9171193551940,9452134924458
1789038776110508990,9171248962000,9452305509023
1789038777125207742,9171522002171,9452522553058
1789038778138781697,9171636757263,9452664469702
1789038779152722026,9171899846978,9452930134279
1789038780166373474,9172014259182,9452999518000
1789038781180058727,9172200820368,9453366285461
1789038782193837490,9172389936903,9453456747785
1789038783207665988,9172665635371,9453616235021
1789038784221506542,9172688700683,9453767546025
1789038785235254736,9172711600031,9453790165009
1789038786249123081,9172756354141,9453948730922
1789038787263004218,9173057771567,9454145459866
1789038788276516866,9173150331578,9454247006058
1789038789290023882,9173200096412,9454301075796
1789038790303507851,9173257371279,9454350861197
1789038791317134439,9173306253990,9454402777643
1789038792330706010,9173356125654,9454454706101
1789038793344426314,9173413477482,9454506639416
1789038794357984097,9173464322549,9454565040654
1789038795371626110,9173525393092,9454628887548
1789038796385608525,9173566050652,9454666708731
1789038797399173683,9173641883826,9454740273739
1789038798412917502,9173693814636,9454792198261
1789038799426328977,9173745756710,9454844122777
1789038800440038886,9173797685283,9454896039654
1789038801453528191,9173849617514,9454947961970
1789038802467213339,9173901643747,9454999889685
1789038803480800031,9173953578926,9455051809515
1789038804494361440,9174005656239,9455103741830
1789038805507882439,9174057589833,9455155669156
1789038806521540113,9174109522195,9455207599465
1789038807535203789,9174161549563,9455259525817
1789038808548727384,9174213482854,9455311455883
1789038809562300189,9174265414186,9455363368261
1789038810575945695,9174588374225,9455419554705
1789038811589460813,9174646148164,9455773782078
1789038812603063927,9174684221687,9455811754649
1789038813616836640,9174726944175,9455849736578
1789038814630505970,9174779177282,9455906679308
1789038815643997363,9174817178121,9455946235162
1789038816657723945,9174874148551,9456001609533
1789038817671319363,9174915384860,9456039592231
1789038818684865627,9174969205610,9456096536793
1789038819698430010,9175026183220,9456153503043
1789038820712038072,9175064174611,9456191476275
1789038821725809405,9175109663708,9456238961856
1789038822739795104,9175159232023,9456286463684
1789038823753710084,9175216210638,9456343453401
1789038824767248076,9175254196320,9456381447957
1789038825781224901,9175296923745,9456419443968
1789038826794561494,9175349156038,9456476424393
1789038827808261125,9175390405780,9456519170501
1789038828821922893,9175444216222,9456571412623
1789038829835501141,9175488237873,9456731269068
1789038830849143667,9175759985237,9456953032612
1789038831863372852,9175901398351,9457063973963
1789038832876990368,9176119004178,9457265907049
1789038833891063963,9176160004321,9457474891883
1789038834904627717,9176387283242,9457554321811
1789038835918394795,9176545700763,9457748399178
1789038836932059743,9176746862132,9457943233280
1789038837946295174,9176818983140,9458041222638
1789038838960319625,9177112430572,9458299099265
1789038839974279433,9177167603699,9458519700906
1789038840992580001,9177451552047,9458658056484
1789038842006597207,9177503055867,9458988771911
1789038843020263511,9177802546432,9459048457274
1789038844033991990,9177851911399,9459232400050
1789038845047483113,9178198439003,9459415301051
1789038846062345595,9178240861752,9459486688340
1789038847076384251,9178421458808,9459803853520
1789038848090142942,9178618196030,9459858503305
1789038849103715410,9178751534667,9460017227599
1789038850117358634,9178802471181,9460107549465
1789038851130922330,9178922574526,9460465088427
1789038852144539612,9179190505866,9460515546562
1789038853158203702,9179233745653,9460804442546
1789038854173111407,9179561888733,9460926869728
1789038855187106181,9179623304271,9461055772761
1789038856200656576,9179901131423,9461253934127
1789038857214246950,9179944297925,9461358265707
1789038858227976009,9180124398009,9461567122413
1789038859241521943,9180272418131,9461686389871
1789038860255044897,9180424646681,9461818870863
1789038861268535179,9180545109538,9461988740230
1789038862282084906,9180654330982,9462093347307
1789038863295847235,9180803816647,9462279581908
1789038864309535435,9180878618161,9462322219554
1789038865323089091,9180999494244,9462639615667
1789038866336415250,9181268781134,9462712449992
1789038867350008456,9181492507020,9462891329726
1789038868363547693,9181649934422,9463113434901
1789038869377122463,9181700577429,9463265263784
1789038870390595708,9181998609089,9463491822180
1789038871404265936,9182048712949,9463572657967
1789038872418226563,9182310205072,9463811557555
1789038873432009024,9182399479599,9464041869341
1789038874445816208,9182706915559,9464220375620
1789038875459382037,9182750570964,9464264224940
1789038876472864598,9182933050683,9464630861891
1789038877486276703,9183118548778,9464787494655
1789038878500050474,9183371912937,9465058351424
1789038879514367546,9183518463923,9465101648401
1789038880528187341,9183707130662,9465299028737
1789038881541898948,9183863703354,9465428974822
1789038882555318965,9184068536730,9465614635813
1789038883569080074,9184119958831,9465732620201
1789038884582482399,9184290261951,9465850158459
1789038885595979338,9184371177874,9466065589598
1789038886609997253,9184690386490,9466297034567
1789038887624275495,9184734037159,9466396214624
1789038888638193629,9185032127142,9466581156872
1789038889652194984,9185083348860,9466795161771
1789038890666211000,9185284980992,9466893450533
1789038891680775234,9185425140642,9467147096363
1789038892694329953,9185703748473,9467296855194
1789038893707874063,9185796676864,9467465453062
1789038894722063582,9185966167574,9467786677593
1789038895735573521,9186181287058,9467897021281
1789038896749317682,9186403234444,9468135031883
1789038897762755642,9186454204862,9468357910426
1789038898776322899,9186764924486,9468496788666
1789038899790652496,9186816192581,9468692580111
1789038900805153038,9187135190219,9468897099245
1789038901818586812,9187235729561,9469154468164
1789038902832301356,9187497762433,9469260111743
1789038903845967434,9187563973427,9469439006838
1789038904859770861,9187826431697,9469608049068
1789038905873572339,9187923828631,9469869210562
1789038906887037395,9188158570724,9469970089482
1789038907900681652,9188336955573,9470287093329
1789038908914130334,9188505588477,9470365292108
1789038909928318154,9188763634253,9470648472769
1789038910942007561,9188887531457,9470778446850
1789038911955640386,9189165461153,9471027080099
1789038912969245556,9189389257278,9471196420993
1789038913982598174,9189537265075,9471418434150
1789038914996115748,9189690777189,9471776728449
1789038916009502460,9189927305174,9471828418555
1789038917023112759,9190091016557,9472057868953
1789038918036771951,9190329080773,9472260298753
1789038919050264959,9190517252774,9472310747209
1789038920063887421,9190676879716,9472588052945
1789038921077458932,9190720004503,9472660984970
1789038922091106417,9190978074250,9472838856694
1789038923104641485,9191028399534,9472989070394
1789038924118058262,9191126533741,9473277010823
1789038925131523598,9191389994077,9473380482837
1789038926145817618,9191587314377,9473431732065
1789038927159545992,9191766939647,9473787160875
1789038928173087633,9191880292916,9474009090778
1789038929186750798,9192098685030,9474128875958
1789038930200364888,9192265841141,9474331924726
1789038931213963726,9192375695884,9474416820316
1789038932227678700,9192652874815,9474665925570
1789038933241419041,9192726470327,9474787037317
1789038934254885722,9192927653352,9475005968745
1789038935268437834,9192998683632,9475079586023
1789038936282023958,9193155543696,9475426705054
1789038937295463418,9193386521815,9475477127517
1789038938308919297,9193456433368,9475755100330
1789038939322337878,9193727878583,9475838369073
1789038940335786995,9193947631018,9476139552318
1789038941349547462,9194096783365,9476237095972
1789038942363041863,9194234833155,9476450938531
1789038943380274599,9194418633656,9476578809377
1789038944393880731,9194646908644,9476798268469
1789038945407414681,9194788363003,9476928218522
1789038946420934520,9195068752939,9477184638485
1789038947434464107,9195121418307,9477341889984
1789038948448180683,9195400879027,9477533774324
1789038949461906218,9195530041546,9477672643486
1789038950475498334,9195753626072,9478007061125
1789038951489300260,9195872859257,9478143289389
1789038952503056406,9196072798921,9478343523398
1789038953516718842,9196123019139,9478456340910
1789038954530317074,9196382705295,9478673220091
1789038955544049002,9196511645715,9478835660822
1789038956557562867,9196694982842,9479015119407
1789038957571256264,9196744786001,9479351859416
1789038958584819128,9197046255288,9479395928972
1789038959598440985,9197170379856,9479546444103
1789038960612002414,9197335779379,9479715235512
1789038961626006032,9197575313155,9479816928535
1789038962639545355,9197677866674,9480087131257
1789038963653120488,9197721392400,9480332095569
1789038964666735920,9198039008405,9480478040310
1789038965680437255,9198089991278,9480594778854
1789038966693922362,9198302142410,9480777054797
1789038967707592663,9198382981647,9480832161283
1789038968722061663,9198603502765,9481093406605
1789038969736003705,9198704023955,9481202554400
1789038970749684118,9198755110570,9481491109143
1789038971763529211,9199016906332,9481535155486
1789038972777265833,9199235455592,9481775196982
1789038973790761619,9199416187848,9481903573282
1789038974804268379,9199612620227,9482204953014
1789038975817841531,9199678336358,9482275718263
1789038976831509307,9199946569436,9482496708078
1789038977845315370,9200058933935,9482666347571
1789038978859276479,9200110027102,9482954585550
1789038979873107925,9200353090319,9483000233506
1789038980887432468,9200527113921,9483319776136
1789038981901229267,9200801134095,9483371680635
1789038982914660012,9201044104083,9483684665851
1789038983928190091,9201108597986,9483773223023
1789038984941658984,9201315394764,9484075897499
1789038985955500330,9201510929976,9484196847169
1789038986969282354,9201741106909,9484457520971
1789038987982905600,9201792861741,9484572863642
1789038988996322506,9202063435188,9484819003560
1789038990009959525,9202108119410,9485040800577
1789038991023472796,9202358939945,9485164075347
1789038992037022437,9202529388070,9485344654250
1789038993050943945,9202714927379,9485475105403
1789038994064903067,9202898853393,9485735492611
1789038995078573248,9202944845711,9485974374538
1789038996092489392,9203184437253,9486069007505
1789038997106061011,9203332661219,9486120944500
1789038998119859798,9203534809906,9486419450114
1789038999133639775,9203579258381,9486670170737
1789039000147258195,9203848596481,9486783054751
1789039001161118800,9204108577693,9486954891211
1789039002176177320,9204160267457,9487175097829
1789039003192136980,9204445586353,9487463176435
1789039004205934898,9204523886955,9487497624685
1789039005219626110,9204540065233,9487513846843
1789039006233356828,9204559450584,9487533229157
1789039007247070888,9204579143874,9487554274761
1789039008260556031,9204644942052,9487652593847
1789039009274326272,9204868218394,9487881525953
1789039010287658997,9204898550917,9487912180855
1789039011301423760,9204933147211,9487949487089
1789039012315194651,9204969320872,9487982978322
1789039013328656245,9204999659092,9488014148243
1789039014342222204,9205040190466,9488053920437
1789039015355741434,9205070527278,9488085097890
1789039016369319747,9205110962771,9488124695898
1789039017382776167,9205151403604,9488165133220
1789039018396538889,9205181734382,9488195469611
1789039019410289012,9205223127103,9488235912353
1789039020424160319,9205263562005,9488276403139
1789039021437883843,9205303160608,9488316832766
1789039022451384397,9205463460981,9488429921608
1789039023464987189,9205592271508,9488611642903
1789039024478693651,9205876340628,9488829059549
1789039025492406364,9205974850777,9488942995112
1789039026506171441,9206160338966,9489214326092
1789039027519802514,9206191485607,9489355134910
1789039028533657904,9206482425699,9489565731328
1789039029547193577,9206681416314,9489596437311
1789039030560901284,9206763829835,9489866706099
1789039031574444156,9206834447195,9490195859624
1789039032587354767,9207104232148,9490226931041
1789039033600280612,9207275747524,9490471886185
1789039034613346198,9207455468303,9490605705030
1789039035626321108,9207656513150,9490858228780
1789039036639612600,9207782782469,9491010291315
1789039037653274555,9207967922814,9491229078625
1789039038667000626,9208158882734,9491341001097
1789039039680109878,9208231654961,9491505217467
1789039040693596977,9208417203980,9491821077278
1789039041706997087,9208600710911,9491853754534
1789039042720726559,9208791716602,9492085324456
1789039043734465073,9209001635775,9492204687961
1789039044748330452,9209103350835,9492455266024
1789039045762018068,9209364333566,9492716786712
1789039046775966237,9209535453493,9492871163111
1789039047790828084,9209677759709,9493071311110
1789039048805568292,9209956484663,9493322890749
1789039049821773781,9210078721576,9493535758663
1789039050835389843,9210268091048,9493697692530
1789039051848961877,9210442839448,9493998275442
1789039052863262531,9210619009801,9494030823989
1789039053876926123,9210889794060,9494255667559
1789039054890523038,9210922326704,9494426190192
1789039055905401259,9211242796409,9494628470974
1789039056921490113,9211274059001,9494826241948
1789039057936165569,9211554698705,9495024009494
1789039058950019113,9211684636188,9495124317079
1789039059963730011,9211846675200,9495315936513
1789039060977409665,9211993531210,9495418101278
1789039061990925393,9212158276541,9495647330774
1789039063005027690,9212349758866,9495881944495
1789039064018999561,9212471895107,9496004291776
1789039065032524284,9212717507127,9496259500583
1789039066046213942,9212918312750,9496411137223
1789039067059943367,9213034471516,9496556871124
1789039068073938151,9213271867730,9496841717731
1789039069087824280,9213435778102,9496939571877
1789039070101354935,9213565641902,9497153508665
1789039071114977740,9213599160253,9497418881871
1789039072128706357,9213898607140,9497486707681
1789039073142228740,9214187438593,9497569741066
1789039074155907400,9214220140916,9497837780941
1789039075169810846,9214282832178,9498167813276
1789039076183618358,9214561583193,9498199156499
1789039077198647566,9214782720710,9498440249469
1789039078212568048,9214883305063,9498532622326
1789039079226157458,9215111737132,9498752292774
1789039080239476041,9215273201809,9498884675230
1789039081253215741,9215526335284,9499162146481
1789039082266914750,9215580780808,9499335590837
1789039083280557621,9215879825697,9499489995507
1789039084294140974,9215950925744,9499707412219
1789039085308298966,9216142754988,9499889136546
1789039086322084178,9216433756936,9500055671008
1789039087336541657,9216614303882,9500217925572
1789039088351706465,9216726557650,9500473316793
1789039089366299302,9216775635385,9500664024480
1789039090380122770,9217028449037,9500775037288
1789039091394182788,9217200248341,9500877667205
1789039092407603087,9217303108141,9501059615308
1789039093421397531,9217578431452,9501190063730
1789039094435014138,9217621172727,9501460981207
1789039095448698358,9217945627382,9501672763415
1789039096462351446,9218063451407,9501783237220
1789039097475821717,9218238629894,9501955803757
1789039098489524345,9218321299988,9502150502257
1789039099503342729,9218522916281,9502260295411
1789039100516711137,9218728886334,9502578771370
1789039101530080208,9218865002896,9502678062112
1789039102543706584,9219155750254,9502853394528
1789039103557578798,9219320039929,9502954914024
1789039104572724360,9219518436247,9503285228992
1789039105586353494,9219631025302,9503430376644
1789039106599982892,9219811010119,9503617462739
1789039107613464083,9219890119547,9503848696640
1789039108627074658,9220146174783,9503962334051
1789039109640508303,9220336152269,9504172840006
1789039110654155345,9220459982350,9504295832476
1789039111667909477,9220770501977,9504447246843
1789039112681384883,9220808388349,9504620504334
1789039113694959890,9221093356212,9504803091404
1789039114708533845,9221211673128,9504944057795
1789039115722007204,9221409565560,9505271871901
1789039116735702336,9221530324611,9505332622739
1789039117749475935,9221732174204,9505627363897
1789039118763266604,9221976868271,9505660847386
1789039119776900571,9222024630456,9505959526399
1789039120790673771,9222190154784,9506240795372
1789039121804200680,9222367732671,9506273915747
1789039122817969081,9222577923050,9506593294284
1789039123831652220,9222672726854,9506737145524
1789039124845395912,9222973646569,9506928234057
1789039125858856732,9223134081056,9507012136238
1789039126872448753,9223277515209,9507231955389
1789039127886231232,9223471412168,9507394553223
1789039128899643918,9223586728538,9507516447812
1789039129913397478,9223852117661,9507773137311
1789039130926863951,9223915475312,9508046635095
1789039131940555119,9224137497375,9508166794004
1789039132954049845,9224419234073,9508392438217
1789039133967943034,9224609226102,9508484605935
1789039134981580456,9224722599112,9508726806887
1789039135995321259,9225017960475,9508884382919
